{
  "104": {
    "position": "top_right",
    "calibration_markers": {
      "top_left": {
        "id": "44",
        "physical_position": [
          3.0,
          3.0
        ],
        "pixel_position": [
          363.5495300292969,
          13.161258697509766
        ]
      },
      "top_right": {
        "id": "16",
        "physical_position": [
          77.0,
          3.0
        ],
        "pixel_position": [
          1071.8126220703125,
          20.212364196777344
        ]
      },
      "bottom_right": {
        "id": "12",
        "physical_position": [
          77.0,
          77.0
        ],
        "pixel_position": [
          1080.827392578125,
          740.4356689453125
        ]
      },
      "bottom_left": {
        "id": "45",
        "physical_position": [
          3.0,
          77.0
        ],
        "pixel_position": [
          356.0056457519531,
          745.72412109375
        ]
      }
    },
    "measurements": {
      "width": 80.0,
      "height": 80.0,
      "marker_offset": 3.0
    }
  },
  "863": {
    "position": "top_left",
    "calibration_markers": {
      "top_left": {
        "id": "46",
        "physical_position": [
          3.0,
          3.0
        ],
        "pixel_position": [
          304.39306640625,
          41.840972900390625
        ]
      },
      "top_right": {
        "id": "43",
        "physical_position": [
          77.0,
          3.0
        ],
        "pixel_position": [
          1030.24658203125,
          36.16034698486328
        ]
      },
      "bottom_right": {
        "id": "42",
        "physical_position": [
          77.0,
          77.0
        ],
        "pixel_position": [
          1042.40380859375,
          765.0488891601562
        ]
      },
      "bottom_left": {
        "id": "40",
        "physical_position": [
          3.0,
          77.0
        ],
        "pixel_position": [
          310.30084228515625,
          766.0656127929688
        ]
      }
    },
    "measurements": {
      "width": 80.0,
      "height": 80.0,
      "marker_offset": 3.0
    }
  }
}